{"diff_mean": {"cA/": 0.0, "cH/": -6.776263578034403e-20, "cV/": -8.131516293641283e-20, "cD/": 2.642742795433417e-19}, "diff_std": {"cA/": 0.000771191956881393, "cH/": 0.0008872050705046315, "cV/": 0.0015664600580374318, "cD/": 0.0011146439504831826}}