{"diff_mean": {"cA/": 6.776263578034403e-21, "cH/": 8.131516293641283e-20, "cV/": 6.776263578034403e-20, "cD/": -5.421010862427522e-20}, "diff_std": {"cA/": 0.000995274338129065, "cH/": 0.0019789072274770626, "cV/": 0.0015077843236604338, "cD/": 0.00637719599747814}}