{"diff_mean": {"cA/": 1.3552527156068805e-20, "cH/": -5.421010862427522e-20, "cV/": 2.710505431213761e-20, "cD/": -1.0842021724855044e-19}, "diff_std": {"cA/": 0.000652435473844302, "cH/": 0.0027186265172556433, "cV/": 0.0029566965160220888, "cD/": 0.0075812056999951345}}