{"diff_mean": {"cA/": 1.3552527156068805e-20, "cH/": 1.6263032587282567e-19, "cV/": -4.743384504624082e-20, "cD/": 1.6940658945086007e-20}, "diff_std": {"cA/": 0.0003403094656606894, "cH/": 0.0013563372295459842, "cV/": 0.0015304234886047965, "cD/": 0.0017138256262164387}}