{"diff_mean": {"cA/": 1.6940658945086007e-20, "cH/": -9.147955830346444e-20, "cV/": 6.437450399132683e-20, "cD/": -1.4907779871675686e-19}, "diff_std": {"cA/": 0.00013971367822851623, "cH/": 0.00039689252778451095, "cV/": 0.00040629569910033295, "cD/": 0.003020413366183586}}