{"diff_mean": {"cA/": -1.6940658945086007e-21, "cH/": -2.303929616531697e-19, "cV/": 9.486769009248164e-20, "cD/": 2.303929616531697e-19}, "diff_std": {"cA/": 0.000533402008004923, "cH/": 0.002563331816021233, "cV/": 0.0023454775134948746, "cD/": 0.0016501357568414054}}