{"diff_mean": {"cA/": 2.710505431213761e-20, "cH/": -1.1858461261560205e-19, "cV/": -1.1180834903756764e-19, "cD/": -2.710505431213761e-20}, "diff_std": {"cA/": 0.00025782762518471034, "cH/": 0.0007747872683816419, "cV/": 0.0005263296417063576, "cD/": 4.7455898134315995e-05}}